id,type,domain,enabled,date_added,date_modified,comment
1,1,openapi.meshare.com,1,1593008041,1593008041,"Migrated from /etc/pihole/blacklist.txt"
2,0,raw.githubusercontent.com,1,1593008041,1593008041,"Migrated from /etc/pihole/whitelist.txt"
3,0,mirror1.malwaredomains.com,1,1593008041,1593008041,"Migrated from /etc/pihole/whitelist.txt"
4,0,sysctl.org,1,1593008041,1593008041,"Migrated from /etc/pihole/whitelist.txt"
5,0,zeustracker.abuse.ch,1,1593008041,1593008041,"Migrated from /etc/pihole/whitelist.txt"
6,0,s3.amazonaws.com,1,1593008041,1593008041,"Migrated from /etc/pihole/whitelist.txt"
7,0,hosts-file.net,1,1593008041,1593008041,"Migrated from /etc/pihole/whitelist.txt"
8,0,v.firebog.net,1,1593008041,1593008041,"Migrated from /etc/pihole/whitelist.txt"
9,0,www.malwaredomainlist.com,1,1593008041,1593008041,"Migrated from /etc/pihole/whitelist.txt"
10,0,ransomwaretracker.abuse.ch,1,1593008041,1593008041,"Migrated from /etc/pihole/whitelist.txt"
11,0,openphish.com,1,1593008041,1593008041,"Migrated from /etc/pihole/whitelist.txt"
12,0,bitbucket.org,1,1593008041,1593008041,"Migrated from /etc/pihole/whitelist.txt"
13,0,securemecca.com,1,1593008041,1593008041,"Migrated from /etc/pihole/whitelist.txt"
14,0,bit.ly,1,1593008041,1593008041,"Migrated from /etc/pihole/whitelist.txt"
15,0,xbox.ipv6.microsoft.com,1,1593008041,1593008041,"Migrated from /etc/pihole/whitelist.txt"
16,0,device.auth.xboxlive.com,1,1593008041,1593008041,"Migrated from /etc/pihole/whitelist.txt"
17,0,www.msftncsi.com,1,1593008041,1593008041,"Migrated from /etc/pihole/whitelist.txt"
18,0,ow.ly,1,1593008041,1593008041,"Migrated from /etc/pihole/whitelist.txt"
19,0,s.gateway.messenger.live.com,1,1593008041,1593008041,"Migrated from /etc/pihole/whitelist.txt"
20,0,ui.skype.com,1,1593008041,1593008041,"Migrated from /etc/pihole/whitelist.txt"
21,0,pricelist.skype.com,1,1593008041,1593008041,"Migrated from /etc/pihole/whitelist.txt"
22,0,m.hotmail.com,1,1593008041,1593008041,"Migrated from /etc/pihole/whitelist.txt"
23,0,sa.symcb.com,1,1593008041,1593008041,"Migrated from /etc/pihole/whitelist.txt"
24,0,s1.symcb.com,1,1593008041,1593008041,"Migrated from /etc/pihole/whitelist.txt"
25,0,s2.symcb.com,1,1593008041,1593008041,"Migrated from /etc/pihole/whitelist.txt"
26,0,s3.symcb.com,1,1593008041,1593008041,"Migrated from /etc/pihole/whitelist.txt"
27,0,s4.symcb.com,1,1593008041,1593008041,"Migrated from /etc/pihole/whitelist.txt"
28,0,s5.symcb.com,1,1593008041,1593008041,"Migrated from /etc/pihole/whitelist.txt"
29,0,title.mgt.xboxlive.com,1,1593008041,1593008041,"Migrated from /etc/pihole/whitelist.txt"
30,0,xsts.auth.xboxlive.com,1,1593008041,1593008041,"Migrated from /etc/pihole/whitelist.txt"
31,0,title.auth.xboxlive.com,1,1593008041,1593008041,"Migrated from /etc/pihole/whitelist.txt"
32,0,ctldl.windowsupdate.com,1,1593008041,1593008041,"Migrated from /etc/pihole/whitelist.txt"
33,0,attestation.xboxlive.com,1,1593008041,1593008041,"Migrated from /etc/pihole/whitelist.txt"
34,0,xboxexperiencesprod.experimentation.xboxlive.com,1,1593008041,1593008041,"Migrated from /etc/pihole/whitelist.txt"
35,0,xflight.xboxlive.com,1,1593008041,1593008041,"Migrated from /etc/pihole/whitelist.txt"
36,0,cert.mgt.xboxlive.com,1,1593008041,1593008041,"Migrated from /etc/pihole/whitelist.txt"
37,0,xkms.xbolive.com,1,1593008041,1593008041,"Migrated from /etc/pihole/whitelist.txt"
38,0,def-vef.xboxlive.com,1,1593008041,1593008041,"Migrated from /etc/pihole/whitelist.txt"
39,0,notify.xboxlive.com,1,1593008041,1593008041,"Migrated from /etc/pihole/whitelist.txt"
40,0,help.ui.xboxlive.com,1,1593008041,1593008041,"Migrated from /etc/pihole/whitelist.txt"
41,0,licensing.xboxlive.com,1,1593008041,1593008041,"Migrated from /etc/pihole/whitelist.txt"
42,0,eds.xboxlive.com,1,1593008041,1593008041,"Migrated from /etc/pihole/whitelist.txt"
43,0,www.xboxlive.com,1,1593008041,1593008041,"Migrated from /etc/pihole/whitelist.txt"
44,0,v10.vortex-win.data.microsoft.com,1,1593008041,1593008041,"Migrated from /etc/pihole/whitelist.txt"
45,0,settings-win.data.microsoft.com,1,1593008041,1593008041,"Migrated from /etc/pihole/whitelist.txt"
46,0,dl.delivery.mp.microsoft.com,1,1593008041,1593008041,"Migrated from /etc/pihole/whitelist.txt"
47,0,geo-prod.do.dsp.mp.microsoft.com,1,1593008041,1593008041,"Migrated from /etc/pihole/whitelist.txt"
48,0,displaycatalog.mp.microsoft.com,1,1593008041,1593008041,"Migrated from /etc/pihole/whitelist.txt"
49,0,outlook.office365.com,1,1593008041,1593008041,"Migrated from /etc/pihole/whitelist.txt"
50,0,products.office.com,1,1593008041,1593008041,"Migrated from /etc/pihole/whitelist.txt"
51,0,c.s-microsoft.com,1,1593008041,1593008041,"Migrated from /etc/pihole/whitelist.txt"
52,0,i.s-microsoft.com,1,1593008041,1593008041,"Migrated from /etc/pihole/whitelist.txt"
53,0,spclient.wg.spotify.com,1,1593008041,1593008041,"Migrated from /etc/pihole/whitelist.txt"
54,0,s.youtube.com,1,1593008041,1593008041,"Migrated from /etc/pihole/whitelist.txt"
55,0,video-stats.l.google.com,1,1593008041,1593008041,"Migrated from /etc/pihole/whitelist.txt"
56,0,officeclient.microsoft.com,1,1593008041,1593008041,"Migrated from /etc/pihole/whitelist.txt"
57,0,pubsub.plex.bz,1,1593008041,1593008041,"Migrated from /etc/pihole/whitelist.txt"
58,0,proxy.plex.bz,1,1593008041,1593008041,"Migrated from /etc/pihole/whitelist.txt"
59,0,proxy02.pop.ord.plex.bz,1,1593008041,1593008041,"Migrated from /etc/pihole/whitelist.txt"
60,0,cpms.spop10.ams.plex.bz,1,1593008041,1593008041,"Migrated from /etc/pihole/whitelist.txt"
61,0,meta-db-worker02.pop.ric.plex.bz,1,1593008041,1593008041,"Migrated from /etc/pihole/whitelist.txt"
62,0,meta.plex.bz,1,1593008041,1593008041,"Migrated from /etc/pihole/whitelist.txt"
63,0,106c06cd218b007d-b1e8a1331f68446599e96a4b46a050f5.ams.plex.services,1,1593008041,1593008041,"Migrated from /etc/pihole/whitelist.txt"
64,0,cpms35.spop10.ams.plex.bz,1,1593008041,1593008041,"Migrated from /etc/pihole/whitelist.txt"
65,0,node.plexapp.com,1,1593008041,1593008041,"Migrated from /etc/pihole/whitelist.txt"
66,0,nine.plugins.plexapp.com,1,1593008041,1593008041,"Migrated from /etc/pihole/whitelist.txt"
67,0,gravatar.com,1,1593008041,1593008041,"Migrated from /etc/pihole/whitelist.txt"
68,0,themoviedb.com,1,1593008041,1593008041,"Migrated from /etc/pihole/whitelist.txt"
69,0,t.co,1,1593008041,1593008041,"Migrated from /etc/pihole/whitelist.txt"
70,0,goo.gl,1,1593008041,1593008041,"Migrated from /etc/pihole/whitelist.txt"
71,0,thepiratebay.org,1,1593008041,1593008041,"Migrated from /etc/pihole/whitelist.txt"
72,0,thepiratebay.se,1,1593008041,1593008041,"Migrated from /etc/pihole/whitelist.txt"
73,0,netflix.com,1,1593008041,1593008041,"Migrated from /etc/pihole/whitelist.txt"
74,0,hulu.com,1,1593008041,1593008041,"Migrated from /etc/pihole/whitelist.txt"
75,0,s.shopify.com,1,1593008041,1593008041,"Migrated from /etc/pihole/whitelist.txt"
76,0,dl.dropbox.com,1,1593008041,1593008041,"Migrated from /etc/pihole/whitelist.txt"
77,0,ea.com,1,1593008041,1593008041,"Migrated from /etc/pihole/whitelist.txt"
78,0,cdn.optimizely.com,1,1593008041,1593008041,"Migrated from /etc/pihole/whitelist.txt"
79,0,kickstarter.com,1,1593008041,1593008041,"Migrated from /etc/pihole/whitelist.txt"
80,0,netgear.com,1,1593008041,1593008041,"Migrated from /etc/pihole/whitelist.txt"
81,0,wd.com,1,1593008041,1593008041,"Migrated from /etc/pihole/whitelist.txt"
82,0,turner.com,1,1593008041,1593008041,"Migrated from /etc/pihole/whitelist.txt"
83,0,cwtv.com,1,1593008041,1593008041,"Migrated from /etc/pihole/whitelist.txt"
84,0,verizon.com,1,1593008041,1593008041,"Migrated from /etc/pihole/whitelist.txt"
85,0,dpm.demdex.net,1,1593008041,1593008041,"Migrated from /etc/pihole/whitelist.txt"
86,0,icloud.com,1,1593008041,1593008041,"Migrated from /etc/pihole/whitelist.txt"
87,0,apple.com,1,1593008041,1593008041,"Migrated from /etc/pihole/whitelist.txt"
88,0,ring.com,1,1593008041,1593008041,"Migrated from /etc/pihole/whitelist.txt"
89,0,arlo.netgear.com,1,1593008041,1593008041,"Migrated from /etc/pihole/whitelist.txt"
90,0,assets.adobedtm.com,1,1593008041,1593008041,"Migrated from /etc/pihole/whitelist.txt"
91,0,secure.footprint.net,1,1593008041,1593008041,"Migrated from /etc/pihole/whitelist.txt"
92,0,auth.adobe.com,1,1593008041,1593008041,"Migrated from /etc/pihole/whitelist.txt"
93,0,microsoft.com,1,1593008041,1593008041,"Migrated from /etc/pihole/whitelist.txt"
94,0,zillow.com,1,1593008041,1593008041,"Migrated from /etc/pihole/whitelist.txt"
95,0,vmware.com,1,1593008041,1593008041,"Migrated from /etc/pihole/whitelist.txt"
96,0,juniper.net,1,1593008041,1593008041,"Migrated from /etc/pihole/whitelist.txt"
97,0,fortinet.com,1,1593008041,1593008041,"Migrated from /etc/pihole/whitelist.txt"
98,0,pulsesecure.net,1,1593008041,1593008041,"Migrated from /etc/pihole/whitelist.txt"
99,0,adobe.com,1,1593008041,1593008041,"Migrated from /etc/pihole/whitelist.txt"
100,0,digitalocean.com,1,1593008041,1593008041,"Migrated from /etc/pihole/whitelist.txt"
101,0,benboyd.info,1,1593008041,1593008041,"Migrated from /etc/pihole/whitelist.txt"
102,0,loveboyds.com,1,1593008041,1593008041,"Migrated from /etc/pihole/whitelist.txt"
103,0,crowdstrike.com,1,1593008041,1593008041,"Migrated from /etc/pihole/whitelist.txt"
104,0,paloaltonetworks.com,1,1593008041,1593008041,"Migrated from /etc/pihole/whitelist.txt"
105,0,homechef.com,1,1593008041,1593008041,"Migrated from /etc/pihole/whitelist.txt"
106,0,blueapron.com,1,1593008041,1593008041,"Migrated from /etc/pihole/whitelist.txt"
107,0,arvest.com,1,1593008041,1593008041,"Migrated from /etc/pihole/whitelist.txt"
108,0,nationwide.com,1,1593008041,1593008041,"Migrated from /etc/pihole/whitelist.txt"
109,0,noip.com,1,1593008041,1593008041,"Migrated from /etc/pihole/whitelist.txt"
110,0,spark.adobe.com,1,1593008041,1593008041,"Migrated from /etc/pihole/whitelist.txt"
111,0,bankofamerica.com,1,1593008041,1593008041,"Migrated from /etc/pihole/whitelist.txt"
112,0,capitalone.com,1,1593008041,1593008041,"Migrated from /etc/pihole/whitelist.txt"
113,0,capitalone360.com,1,1593008041,1593008041,"Migrated from /etc/pihole/whitelist.txt"
114,0,chase.com,1,1593008041,1593008041,"Migrated from /etc/pihole/whitelist.txt"
115,0,citicards.com,1,1593008041,1593008041,"Migrated from /etc/pihole/whitelist.txt"
116,0,citi.com,1,1593008041,1593008041,"Migrated from /etc/pihole/whitelist.txt"
117,0,americanexpress.com,1,1593008041,1593008041,"Migrated from /etc/pihole/whitelist.txt"
118,0,cloudflare.com,1,1593008041,1593008041,"Migrated from /etc/pihole/whitelist.txt"
119,0,wdmycloud.com,1,1593008041,1593008041,"Migrated from /etc/pihole/whitelist.txt"
120,0,office365.com,1,1593008041,1593008041,"Migrated from /etc/pihole/whitelist.txt"
121,0,zendesk.com,1,1593008041,1593008041,"Migrated from /etc/pihole/whitelist.txt"
122,0,webex.com,1,1593008041,1593008041,"Migrated from /etc/pihole/whitelist.txt"
123,0,gotomeeting.com,1,1593008041,1593008041,"Migrated from /etc/pihole/whitelist.txt"
124,0,surveymonkey.com,1,1593008041,1593008041,"Migrated from /etc/pihole/whitelist.txt"
125,0,maps.google.com,1,1593008041,1593008041,"Migrated from /etc/pihole/whitelist.txt"
126,0,bing.com,1,1593008041,1593008041,"Migrated from /etc/pihole/whitelist.txt"
127,0,maps.googleapis.com,1,1593008041,1593008041,"Migrated from /etc/pihole/whitelist.txt"
128,0,clients1.google.com,1,1593008041,1593008041,"Migrated from /etc/pihole/whitelist.txt"
129,0,clients6.google.com,1,1593008041,1593008041,"Migrated from /etc/pihole/whitelist.txt"
130,0,clients2.google.com,1,1593008041,1593008041,"Migrated from /etc/pihole/whitelist.txt"
131,0,clients4.google.com,1,1593008041,1593008041,"Migrated from /etc/pihole/whitelist.txt"
132,0,cnn.com,1,1593008041,1593008041,"Migrated from /etc/pihole/whitelist.txt"
133,0,a-msedge.net,1,1593008041,1593008041,"Migrated from /etc/pihole/whitelist.txt"
134,0,a-0001.a-msedge.net,1,1593008041,1593008041,"Migrated from /etc/pihole/whitelist.txt"
135,0,www-bing-com.a-0001.a-msedge.net,1,1593008041,1593008041,"Migrated from /etc/pihole/whitelist.txt"
136,0,clients3.google.com,1,1593008041,1593008041,"Migrated from /etc/pihole/whitelist.txt"
137,0,pi.hole,1,1593008041,1593008041,"Migrated from /etc/pihole/whitelist.txt"
138,0,device-metrics-us.amazon.com,1,1593008041,1593008041,"Migrated from /etc/pihole/whitelist.txt"
139,0,clients5.google.com,1,1593008041,1593008041,"Migrated from /etc/pihole/whitelist.txt"
140,0,godaddy.com,1,1593008041,1593008041,"Migrated from /etc/pihole/whitelist.txt"
141,0,hilton.com,1,1593008041,1593008041,"Migrated from /etc/pihole/whitelist.txt"
142,0,winhelp2002.mvps.org,1,1593008041,1593008041,"Migrated from /etc/pihole/whitelist.txt"
143,0,autodiscover.outlook.com.g.outlook.com,1,1593008041,1593008041,"Migrated from /etc/pihole/whitelist.txt"
144,0,autodiscover-ca-latam4.outlook.com,1,1593008041,1593008041,"Migrated from /etc/pihole/whitelist.txt"
145,0,home-assistant.io,1,1593008041,1593008041,"Migrated from /etc/pihole/whitelist.txt"
146,0,linkedin.com,1,1593008041,1634143495,
147,0,sonos.com,1,1593008041,1593008041,"Migrated from /etc/pihole/whitelist.txt"
148,0,click.email.sonos.com,1,1593008041,1593008041,"Migrated from /etc/pihole/whitelist.txt"
149,0,go.pardot.com,1,1593008041,1593008041,"Migrated from /etc/pihole/whitelist.txt"
150,0,money.cnn.com,1,1593008041,1593008041,"Migrated from /etc/pihole/whitelist.txt"
151,0,www.bit.ly,1,1593008041,1593008041,"Migrated from /etc/pihole/whitelist.txt"
152,0,j.mp,1,1593008041,1593008041,"Migrated from /etc/pihole/whitelist.txt"
153,0,imgs.xkcd.com,1,1593008041,1593008041,"Migrated from /etc/pihole/whitelist.txt"
154,0,keystone.mwbsys.com,1,1593008041,1593008041,"Migrated from /etc/pihole/whitelist.txt"
155,0,github.com,1,1593008041,1593008041,"Migrated from /etc/pihole/whitelist.txt"
156,0,plex.tv,1,1593008041,1593008041,"Migrated from /etc/pihole/whitelist.txt"
157,0,tvdb2.plex.tv,1,1593008041,1593008041,"Migrated from /etc/pihole/whitelist.txt"
158,0,tvthemes.plexapp.com.cdn.cloudflare.net,1,1593008041,1593008041,"Migrated from /etc/pihole/whitelist.txt"
159,0,tvthemes.plexapp.com,1,1593008041,1593008041,"Migrated from /etc/pihole/whitelist.txt"
160,0,meta.plex.tv,1,1593008041,1593008041,"Migrated from /etc/pihole/whitelist.txt"
161,0,proxy.plex.tv,1,1593008041,1593008041,"Migrated from /etc/pihole/whitelist.txt"
162,0,metrics.plex.tv,1,1593008041,1593008041,"Migrated from /etc/pihole/whitelist.txt"
163,0,pubsub.plex.tv,1,1593008041,1593008041,"Migrated from /etc/pihole/whitelist.txt"
164,0,status.plex.tv,1,1593008041,1593008041,"Migrated from /etc/pihole/whitelist.txt"
165,0,www.plex.tv,1,1593008041,1593008041,"Migrated from /etc/pihole/whitelist.txt"
166,0,staging.plex.tv,1,1593008041,1593008041,"Migrated from /etc/pihole/whitelist.txt"
167,0,app.plex.tv,1,1593008041,1593008041,"Migrated from /etc/pihole/whitelist.txt"
168,0,o1.email.plex.tv,1,1593008041,1593008041,"Migrated from /etc/pihole/whitelist.txt"
169,0,o2.sg0.plex.tv,1,1593008041,1593008041,"Migrated from /etc/pihole/whitelist.txt"
170,0,dashboard.plex.tv,1,1593008041,1593008041,"Migrated from /etc/pihole/whitelist.txt"
171,0,dl.dropboxusercontent.com,1,1593008041,1593008041,"Migrated from /etc/pihole/whitelist.txt"
172,0,ns1.dropbox.com,1,1593008041,1593008041,"Migrated from /etc/pihole/whitelist.txt"
173,0,ns2.dropbox.com,1,1593008041,1593008041,"Migrated from /etc/pihole/whitelist.txt"
174,0,googleapis.l.google.com,1,1593008041,1593008041,"Migrated from /etc/pihole/whitelist.txt"
175,0,fonts.googleapis.com,1,1593008041,1593008041,"Migrated from /etc/pihole/whitelist.txt"
176,0,5newsonline.com,1,1593008041,1593008041,"Migrated from /etc/pihole/whitelist.txt"
177,0,0.gravatar.com,1,1593008041,1593008041,"Migrated from /etc/pihole/whitelist.txt"
178,0,meetup.com,1,1593008041,1593008041,"Migrated from /etc/pihole/whitelist.txt"
179,0,api.sonos.com,1,1593008041,1593008041,"Migrated from /etc/pihole/whitelist.txt"
180,0,secure.meetup.com,1,1593008041,1593008041,"Migrated from /etc/pihole/whitelist.txt"
181,0,thumbtack.com,1,1593008041,1593008041,"Migrated from /etc/pihole/whitelist.txt"
182,0,lyft.com,1,1593008041,1593008041,"Migrated from /etc/pihole/whitelist.txt"
183,0,uber.com,1,1593008041,1593008041,"Migrated from /etc/pihole/whitelist.txt"
184,0,secure.eloqua.com,1,1593008041,1593008041,"Migrated from /etc/pihole/whitelist.txt"
185,0,activity.windows.com,1,1593008041,1593008041,"Migrated from /etc/pihole/whitelist.txt"
186,0,continuum.dds.microsoft.com,1,1593008041,1593008041,"Migrated from /etc/pihole/whitelist.txt"
187,0,ocsp.digicert.com,1,1593008041,1593008041,"Migrated from /etc/pihole/whitelist.txt"
188,0,client.wns.windows.com,1,1593008041,1593008041,"Migrated from /etc/pihole/whitelist.txt"
189,0,email.macaronikid.com,1,1593008041,1593008041,"Migrated from /etc/pihole/whitelist.txt"
190,0,at.atwola.com,1,1593008041,1593008041,"Migrated from /etc/pihole/whitelist.txt"
191,0,arc.msn.com,1,1593008041,1593008041,"Migrated from /etc/pihole/whitelist.txt"
192,0,att.com,1,1593008041,1593008041,"Migrated from /etc/pihole/whitelist.txt"
193,0,cprodmasx.att.com,1,1593008041,1593008041,"Migrated from /etc/pihole/whitelist.txt"
194,0,m.att.com,1,1593008041,1593008041,"Migrated from /etc/pihole/whitelist.txt"
195,0,desotocountyms.gov,1,1593008041,1593008041,"Migrated from /etc/pihole/whitelist.txt"
196,0,login.windows.com,1,1593008041,1593008041,"Migrated from /etc/pihole/whitelist.txt"
197,0,gs.apple.com,1,1593008041,1593008041,"Migrated from /etc/pihole/whitelist.txt"
198,0,login.microsoftonline.com,1,1593008041,1593008041,"Migrated from /etc/pihole/whitelist.txt"
199,0,cdnjs.cloudflare.com,1,1593008041,1593008041,"Migrated from /etc/pihole/whitelist.txt"
200,0,docs.secureauth.com,1,1593008041,1593008041,"Migrated from /etc/pihole/whitelist.txt"
201,0,isc.sans.edu,1,1593008041,1593008041,"Migrated from /etc/pihole/whitelist.txt"
202,0,aadg.windows.net.nsatc.net,1,1593008041,1593008041,"Migrated from /etc/pihole/whitelist.txt"
203,0,nexus.officeapps.live.com,1,1593008041,1593008041,"Migrated from /etc/pihole/whitelist.txt"
204,0,s3-1-w.amazonaws.com,1,1593008041,1593008041,"Migrated from /etc/pihole/whitelist.txt"
205,0,sp.auth.adobe.com,1,1593008041,1593008041,"Migrated from /etc/pihole/whitelist.txt"
206,0,r3---sn-q4fl6n7z.googlevideo.com,1,1593008041,1593008041,"Migrated from /etc/pihole/whitelist.txt"
207,0,ipchicken.com,1,1593008041,1593008041,"Migrated from /etc/pihole/whitelist.txt"
208,0,bestbuy.com,1,1593008041,1593008041,"Migrated from /etc/pihole/whitelist.txt"
209,0,lowes.com,1,1593008041,1593008041,"Migrated from /etc/pihole/whitelist.txt"
210,0,homedepot.com,1,1593008041,1593008041,"Migrated from /etc/pihole/whitelist.txt"
211,0,lnkd.in,1,1593008041,1593008041,"Migrated from /etc/pihole/whitelist.txt"
212,0,devcentral.f5.com,1,1593008041,1593008041,"Migrated from /etc/pihole/whitelist.txt"
213,0,blinds.com,1,1593008041,1593008041,"Migrated from /etc/pihole/whitelist.txt"
214,0,www.joewein.net,1,1593008041,1593008041,"Migrated from /etc/pihole/whitelist.txt"
215,0,control.kochava.com,1,1593008041,1593008041,"Migrated from /etc/pihole/whitelist.txt"
216,0,config2.mparticle.com,1,1593008041,1593008041,"Migrated from /etc/pihole/whitelist.txt"
217,0,autostickers.com,1,1593008041,1593008041,"Migrated from /etc/pihole/whitelist.txt"
218,0,secure.indeed.com,1,1593008041,1593008041,"Migrated from /etc/pihole/whitelist.txt"
219,0,paloalto.demdex.net,1,1593008041,1593008041,"Migrated from /etc/pihole/whitelist.txt"
220,0,login.live.com,1,1593008041,1593008041,"Migrated from /etc/pihole/whitelist.txt"
221,0,medium.com,1,1593008041,1593008041,"Migrated from /etc/pihole/whitelist.txt"
222,0,tmobile.com,1,1593008041,1593008041,"Migrated from /etc/pihole/whitelist.txt"
223,0,seekingalpha.com,1,1593008041,1593008041,"Migrated from /etc/pihole/whitelist.txt"
224,0,gsa.gov,1,1593008041,1593008041,"Migrated from /etc/pihole/whitelist.txt"
225,0,www.gsa.gov,1,1593008041,1593008041,"Migrated from /etc/pihole/whitelist.txt"
226,0,dhs.gov,1,1593008041,1593008041,"Migrated from /etc/pihole/whitelist.txt"
227,0,installers.privateinternetaccess.com,1,1593008041,1593008041,"Migrated from /etc/pihole/whitelist.txt"
228,0,privateinternetaccess.com,1,1593008041,1593008041,"Migrated from /etc/pihole/whitelist.txt"
229,0,www.privateinternetaccess.com,1,1593008041,1593008041,"Migrated from /etc/pihole/whitelist.txt"
230,0,www.hostgator.com,1,1593008041,1593008041,"Migrated from /etc/pihole/whitelist.txt"
231,0,opensource.com,1,1593008041,1593008041,"Migrated from /etc/pihole/whitelist.txt"
232,0,helpdesk.privateinternetaccess.com,1,1593008041,1593008041,"Migrated from /etc/pihole/whitelist.txt"
233,0,ipinfo.io,1,1593008041,1593008041,"Migrated from /etc/pihole/whitelist.txt"
234,0,alexa.com,1,1593008041,1593008041,"Migrated from /etc/pihole/whitelist.txt"
235,0,insideevs.com,1,1593008041,1593008041,"Migrated from /etc/pihole/whitelist.txt"
236,0,live.blockcypher.com,1,1593008041,1593008041,"Migrated from /etc/pihole/whitelist.txt"
237,0,thesaurus.com,1,1593008041,1593008041,"Migrated from /etc/pihole/whitelist.txt"
238,0,angel.co,1,1593008041,1593008041,"Migrated from /etc/pihole/whitelist.txt"
239,0,geo.nbcsports.com,1,1593008041,1593008041,"Migrated from /etc/pihole/whitelist.txt"
240,0,fsastore.com,1,1593008041,1593008041,"Migrated from /etc/pihole/whitelist.txt"
241,0,broadband.espn.go.com,1,1593008041,1593008041,"Migrated from /etc/pihole/whitelist.txt"
242,0,ocsp.apple.com,1,1593008041,1593008041,"Migrated from /etc/pihole/whitelist.txt"
243,0,fortune.com,1,1593008041,1593008041,"Migrated from /etc/pihole/whitelist.txt"
244,0,japonik.com,1,1593008041,1593008041,"Migrated from /etc/pihole/whitelist.txt"
245,0,twitter.com,1,1593008041,1593008041,"Migrated from /etc/pihole/whitelist.txt"
246,0,www.energystar.gov,1,1593008041,1593008041,"Migrated from /etc/pihole/whitelist.txt"
247,0,store.apple.com,1,1593008041,1593008041,"Migrated from /etc/pihole/whitelist.txt"
248,0,apis.google.com,1,1593008041,1593008041,"Migrated from /etc/pihole/whitelist.txt"
249,0,www.gstatic.com,1,1593008041,1593008041,"Migrated from /etc/pihole/whitelist.txt"
250,0,loginprodx.att.net,1,1593008041,1593008041,"Migrated from /etc/pihole/whitelist.txt"
251,0,www.googletagmanager.com,1,1593008041,1593008041,"Migrated from /etc/pihole/whitelist.txt"
252,0,platform.twitter.com,1,1593008041,1593008041,"Migrated from /etc/pihole/whitelist.txt"
253,0,telemetry.api.swiftkey.com,1,1593008041,1593008041,"Migrated from /etc/pihole/whitelist.txt"
254,0,secure.gravatar.com,1,1593008041,1593008041,"Migrated from /etc/pihole/whitelist.txt"
255,0,s3-us-west-1.amazonaws.com,1,1593008041,1593008041,"Migrated from /etc/pihole/whitelist.txt"
256,0,imasdk.googleapis.com,1,1593008041,1593008041,"Migrated from /etc/pihole/whitelist.txt"
257,0,ocsp.comodoca.com,1,1593008041,1593008041,"Migrated from /etc/pihole/whitelist.txt"
258,0,go.microsoft.com,1,1593008041,1593008041,"Migrated from /etc/pihole/whitelist.txt"
259,0,crl.microsoft.com,1,1593008041,1593008041,"Migrated from /etc/pihole/whitelist.txt"
260,0,ocsp.msocsp.com,1,1593008041,1593008041,"Migrated from /etc/pihole/whitelist.txt"
261,0,redirector.googlevideo.com,1,1593008041,1593008041,"Migrated from /etc/pihole/whitelist.txt"
262,0,developers.facebook.com,1,1593008041,1593008041,"Migrated from /etc/pihole/whitelist.txt"
263,0,api.facebook.com,1,1593008041,1593008041,"Migrated from /etc/pihole/whitelist.txt"
264,0,graph.facebook.com,1,1593008041,1593008041,"Migrated from /etc/pihole/whitelist.txt"
265,0,b-api.facebook.com,1,1593008041,1593008041,"Migrated from /etc/pihole/whitelist.txt"
266,0,b-graph.facebook.com,1,1593008041,1593008041,"Migrated from /etc/pihole/whitelist.txt"
267,0,cio.com,1,1593008041,1593008041,"Migrated from /etc/pihole/whitelist.txt"
268,0,chaseonline.chase.com,1,1593008041,1593008041,"Migrated from /etc/pihole/whitelist.txt"
269,0,ffiec.gov,1,1593008041,1593008041,"Migrated from /etc/pihole/whitelist.txt"
270,0,ar.gov,1,1593008041,1593008041,"Migrated from /etc/pihole/whitelist.txt"
271,0,storeedgefd.dsx.mp.microsoft.com,1,1593008041,1593008041,"Migrated from /etc/pihole/whitelist.txt"
272,0,sls.update.microsoft.com,1,1593008041,1593008041,"Migrated from /etc/pihole/whitelist.txt"
273,0,fs.microsoft.com,1,1593008041,1593008041,"Migrated from /etc/pihole/whitelist.txt"
274,0,inference.location.live.net,1,1593008041,1593008041,"Migrated from /etc/pihole/whitelist.txt"
275,0,watson.telemetry.microsoft.com,1,1593008041,1593008041,"Migrated from /etc/pihole/whitelist.txt"
276,0,fe3.delivery.mp.microsoft.com,1,1593008041,1593008041,"Migrated from /etc/pihole/whitelist.txt"
277,0,lifehacker.com,1,1593008041,1593008041,"Migrated from /etc/pihole/whitelist.txt"
278,0,arkansas.gov,1,1593008041,1593008041,"Migrated from /etc/pihole/whitelist.txt"
279,0,www.arkansas.gov,1,1593008041,1593008041,"Migrated from /etc/pihole/whitelist.txt"
280,0,walmart.com,1,1593008041,1593008041,"Migrated from /etc/pihole/whitelist.txt"
281,0,api.amplitude.com,1,1593008041,1593008041,"Migrated from /etc/pihole/whitelist.txt"
282,0,app.adjust.com,1,1593008041,1593008041,"Migrated from /etc/pihole/whitelist.txt"
283,0,dev.appboy.com,1,1593008041,1593008041,"Migrated from /etc/pihole/whitelist.txt"
284,0,data.flurry.com,1,1593008041,1593008041,"Migrated from /etc/pihole/whitelist.txt"
285,0,securemetrics.apple.com,1,1593008041,1593008041,"Migrated from /etc/pihole/whitelist.txt"
286,0,rover.ebay.com,1,1593008041,1593008041,"Migrated from /etc/pihole/whitelist.txt"
287,0,na01.safelinks.protection.outlook.com,1,1593008041,1593008041,"Migrated from /etc/pihole/whitelist.txt"
288,0,stats.appsflyer.com,1,1593008041,1593008041,"Migrated from /etc/pihole/whitelist.txt"
289,0,t.appsflyer.com,1,1593008041,1593008041,"Migrated from /etc/pihole/whitelist.txt"
290,0,play.googleapis.com,1,1593008041,1593008041,"Migrated from /etc/pihole/whitelist.txt"
291,0,sw88.go.com,1,1593008041,1593008041,"Migrated from /etc/pihole/whitelist.txt"
292,0,i.cdn.turner.com,1,1593008041,1593008041,"Migrated from /etc/pihole/whitelist.txt"
293,0,geo.aspen.turner.com,1,1593008041,1593008041,"Migrated from /etc/pihole/whitelist.txt"
294,0,nativesdks.mparticle.com,1,1593008041,1593008041,"Migrated from /etc/pihole/whitelist.txt"
295,0,res.cloudinary.com,1,1593008041,1593008041,"Migrated from /etc/pihole/whitelist.txt"
296,0,msmetrics.ws.sonos.com,1,1593008041,1593008041,"Migrated from /etc/pihole/whitelist.txt"
297,0,cws.conviva.com,1,1593008041,1593008041,"Migrated from /etc/pihole/whitelist.txt"
298,0,instagram.com,1,1593008041,1593008041,"Migrated from /etc/pihole/whitelist.txt"
299,0,connect.facebook.net,1,1593008041,1593008041,"Migrated from /etc/pihole/whitelist.txt"
300,0,platform.linkedin.com,1,1593008041,1593008041,"Migrated from /etc/pihole/whitelist.txt"
301,0,static.licdn.com,1,1593008041,1593008041,"Migrated from /etc/pihole/whitelist.txt"
302,0,mobile.pipe.aria.microsoft.com,1,1593008041,1593008041,"Migrated from /etc/pihole/whitelist.txt"
303,0,gallery.mailchimp.com,1,1593008041,1593008041,"Migrated from /etc/pihole/whitelist.txt"
304,0,media.licdn.com,1,1593008041,1593008041,"Migrated from /etc/pihole/whitelist.txt"
305,0,staticxx.facebook.com,1,1593008041,1593008041,"Migrated from /etc/pihole/whitelist.txt"
306,0,star.c10r.facebook.com,1,1593008041,1593008041,"Migrated from /etc/pihole/whitelist.txt"
307,0,c.go-mpulse.net,1,1593008041,1593008041,"Migrated from /etc/pihole/whitelist.txt"
308,0,players.brightcove.net,1,1593008041,1593008041,"Migrated from /etc/pihole/whitelist.txt"
309,0,api.brightcove.com,1,1593008041,1593008041,"Migrated from /etc/pihole/whitelist.txt"
310,0,www.digitaltrends.com,1,1593008041,1593008041,"Migrated from /etc/pihole/whitelist.txt"
311,0,brightcove.vo.llnwd.net,1,1593008041,1593008041,"Migrated from /etc/pihole/whitelist.txt"
312,0,s.ytimg.com,1,1593008041,1593008041,"Migrated from /etc/pihole/whitelist.txt"
313,0,metrics.fidelity.com,1,1593008041,1593008041,"Migrated from /etc/pihole/whitelist.txt"
314,0,api.branch.io,1,1593008041,1593008041,"Migrated from /etc/pihole/whitelist.txt"
315,0,pbskids.org,1,1593008041,1593008041,"Migrated from /etc/pihole/whitelist.txt"
316,0,stubhub.com,1,1593008041,1593008041,"Migrated from /etc/pihole/whitelist.txt"
317,0,cdc.gov,1,1593008041,1593008041,"Migrated from /etc/pihole/whitelist.txt"
318,0,www.googleapis.com,1,1593008041,1593008041,"Migrated from /etc/pihole/whitelist.txt"
319,0,imgssl.constantcontact.com,1,1593008041,1593008041,"Migrated from /etc/pihole/whitelist.txt"
320,0,static.ctctcdn.com,1,1593008041,1593008041,"Migrated from /etc/pihole/whitelist.txt"
321,0,img.constantcontact.com,1,1593008041,1593008041,"Migrated from /etc/pihole/whitelist.txt"
322,0,cta-image-cms2.hubspot.com,1,1593008041,1593008041,"Migrated from /etc/pihole/whitelist.txt"
323,0,s3-1.amazonaws.com,1,1593008041,1593008041,"Migrated from /etc/pihole/whitelist.txt"
324,0,cont-2.p-cdn.com,1,1593008041,1593008041,"Migrated from /etc/pihole/whitelist.txt"
325,0,helzberg.com,1,1593008041,1593008041,"Migrated from /etc/pihole/whitelist.txt"
326,0,smetrics.capitalone.com,1,1593008041,1593008041,"Migrated from /etc/pihole/whitelist.txt"
327,0,assets.pinterest.com,1,1593008041,1593008041,"Migrated from /etc/pihole/whitelist.txt"
328,0,api.pinterest.com,1,1593008041,1593008041,"Migrated from /etc/pihole/whitelist.txt"
329,0,ar.pinterest.com,1,1593008041,1593008041,"Migrated from /etc/pihole/whitelist.txt"
330,0,app.bronto.com,1,1593008041,1593008041,"Migrated from /etc/pihole/whitelist.txt"
331,0,app-measurement.com,1,1593008041,1593008041,"Migrated from /etc/pihole/whitelist.txt"
332,0,aax-us-east.amazon-adsystem.com,1,1593008041,1593008041,"Migrated from /etc/pihole/whitelist.txt"
333,0,auction.com,1,1593008041,1593008041,"Migrated from /etc/pihole/whitelist.txt"
334,0,appleid.apple.com,1,1593008041,1593008041,"Migrated from /etc/pihole/whitelist.txt"
335,0,yandex.ru,1,1593008041,1593008041,"Migrated from /etc/pihole/whitelist.txt"
336,0,imap.yandex.ru,1,1593008041,1593008041,"Migrated from /etc/pihole/whitelist.txt"
337,0,mail.yandex.com,1,1593008041,1593008041,"Migrated from /etc/pihole/whitelist.txt"
338,0,imap.yandex.com,1,1593008041,1593008041,"Migrated from /etc/pihole/whitelist.txt"
339,0,smtp.yandex.com,1,1593008041,1593008041,"Migrated from /etc/pihole/whitelist.txt"
340,0,yandex.com,1,1593008041,1593008041,"Migrated from /etc/pihole/whitelist.txt"
341,0,jasonhill.co.uk,1,1593008041,1593008041,"Migrated from /etc/pihole/whitelist.txt"
342,0,app.hubspot.com,1,1593008041,1593008041,"Migrated from /etc/pihole/whitelist.txt"
343,0,static1.squarespace.com,1,1593008041,1593008041,"Migrated from /etc/pihole/whitelist.txt"
344,0,logs-01.loggly.com,1,1593008041,1593008041,"Migrated from /etc/pihole/whitelist.txt"
345,0,api.mixpanel.com,1,1593008041,1593008041,"Migrated from /etc/pihole/whitelist.txt"
346,0,decide.mixpanel.com,1,1593008041,1593008041,"Migrated from /etc/pihole/whitelist.txt"
347,0,e.crashlytics.com,1,1593008041,1593008041,"Migrated from /etc/pihole/whitelist.txt"
348,0,nam03.safelinks.protection.outlook.com,1,1593008041,1593008041,"Migrated from /etc/pihole/whitelist.txt"
349,0,www.cnbc.com,1,1593008041,1593008041,"Migrated from /etc/pihole/whitelist.txt"
350,0,csi.gstatic.com,1,1593008041,1593008041,"Migrated from /etc/pihole/whitelist.txt"
351,0,api.mapbox.com,1,1593008041,1593008041,"Migrated from /etc/pihole/whitelist.txt"
352,0,storage.googleapis.com,1,1593008041,1593008041,"Migrated from /etc/pihole/whitelist.txt"
353,0,pixel.wp.com,1,1593008041,1593008041,"Migrated from /etc/pihole/whitelist.txt"
354,0,googleadapis.l.google.com,1,1593008041,1593008041,"Migrated from /etc/pihole/whitelist.txt"
355,0,stats.wp.com,1,1593008041,1593008041,"Migrated from /etc/pihole/whitelist.txt"
356,0,s1.wp.com,1,1593008041,1593008041,"Migrated from /etc/pihole/whitelist.txt"
357,0,cf.iadsdk.apple.com,1,1593008041,1593008041,"Migrated from /etc/pihole/whitelist.txt"
358,0,iadsdk.apple.com,1,1593008041,1593008041,"Migrated from /etc/pihole/whitelist.txt"
359,0,www.linkconnector.com,1,1593008041,1593008041,"Migrated from /etc/pihole/whitelist.txt"
360,0,pubads.g.doubleclick.net,1,1593008041,1593008041,"Migrated from /etc/pihole/whitelist.txt"
361,0,cdn-settings.segment.com,1,1593008041,1593008041,"Migrated from /etc/pihole/whitelist.txt"
362,0,mobile-collector.newrelic.com,1,1593008041,1593008041,"Migrated from /etc/pihole/whitelist.txt"
363,0,stats.gc.apple.com,1,1593008041,1593008041,"Migrated from /etc/pihole/whitelist.txt"
364,0,api.leanplum.com,1,1593008041,1593008041,"Migrated from /etc/pihole/whitelist.txt"
365,0,5-6-8-ios.appload.ingest.crittercism.com,1,1593008041,1593008041,"Migrated from /etc/pihole/whitelist.txt"
366,0,online.jimmyjohns.com,1,1593008041,1593008041,"Migrated from /etc/pihole/whitelist.txt"
367,0,sites.google.com,1,1593008041,1593008041,"Migrated from /etc/pihole/whitelist.txt"
368,0,dbl.oisd.nl,1,1593008041,1593008041,"Migrated from /etc/pihole/whitelist.txt"
369,0,tesla.com,1,1593008041,1593008041,"Migrated from /etc/pihole/whitelist.txt"
370,0,appdynamics.com,1,1593008041,1593008041,"Migrated from /etc/pihole/whitelist.txt"
371,0,cisco.com,1,1593008041,1593008041,"Migrated from /etc/pihole/whitelist.txt"
372,0,mimecast.com,1,1593008041,1593008041,"Migrated from /etc/pihole/whitelist.txt"
373,0,proofpoint.com,1,1593008041,1593008041,"Migrated from /etc/pihole/whitelist.txt"
374,0,www.appdynamics.com,1,1593008041,1593008041,"Migrated from /etc/pihole/whitelist.txt"
375,0,mint.finance.intuit.com,1,1593008041,1593008041,"Migrated from /etc/pihole/whitelist.txt"
376,0,na64.force.com,1,1593008041,1593008041,"Migrated from /etc/pihole/whitelist.txt"
377,0,na88.force.com,1,1593008041,1593008041,"Migrated from /etc/pihole/whitelist.txt"
378,0,js-agent.newrelic.com,1,1593008041,1593008041,"Migrated from /etc/pihole/whitelist.txt"
379,0,script.crazyegg.com,1,1593008041,1593008041,"Migrated from /etc/pihole/whitelist.txt"
380,0,rv.treehousei.com,1,1593008041,1593008041,"Migrated from /etc/pihole/whitelist.txt"
381,0,paloaltonetworks.d1.sc.omtrdc.net,1,1593008041,1593008041,"Migrated from /etc/pihole/whitelist.txt"
382,0,paloaltonetworks.mktoweb.com,1,1593008041,1593008041,"Migrated from /etc/pihole/whitelist.txt"
383,0,api-aka.smoot.apple.com,1,1593008041,1593008041,"Migrated from /etc/pihole/whitelist.txt"
384,0,media.sailthru.com,1,1593008041,1593008041,"Migrated from /etc/pihole/whitelist.txt"
385,0,p.liadm.com,1,1593008041,1593008041,"Migrated from /etc/pihole/whitelist.txt"
386,0,zdbb.net,1,1593008041,1593008041,"Migrated from /etc/pihole/whitelist.txt"
387,0,cdn.smoot.apple.com,1,1593008041,1593008041,"Migrated from /etc/pihole/whitelist.txt"
388,0,wwwimg.roku.com,1,1593008041,1593008041,"Migrated from /etc/pihole/whitelist.txt"
389,0,prod.mobile.roku.com,1,1593008041,1593008041,"Migrated from /etc/pihole/whitelist.txt"
390,0,cognito-identity.us-east-1.amazonaws.com,1,1593008041,1593008041,"Migrated from /etc/pihole/whitelist.txt"
391,0,www.ibtimes.com,1,1593008041,1593008041,"Migrated from /etc/pihole/whitelist.txt"
392,0,shodan.io,1,1593008041,1593008041,"Migrated from /etc/pihole/whitelist.txt"
393,0,api.segment.io,1,1593008041,1593008041,"Migrated from /etc/pihole/whitelist.txt"
394,0,kinesis.us-east-1.amazonaws.com,1,1593008041,1593008041,"Migrated from /etc/pihole/whitelist.txt"
395,0,events.appsflyer.com,1,1593008041,1593008041,"Migrated from /etc/pihole/whitelist.txt"
396,0,fls-na.amazon.com,1,1593008041,1593008041,"Migrated from /etc/pihole/whitelist.txt"
397,0,s.go-mpulse.net,1,1593008041,1593008041,"Migrated from /etc/pihole/whitelist.txt"
398,0,rpxnow.com,1,1593008041,1593008041,"Migrated from /etc/pihole/whitelist.txt"
399,0,platform-api.sharethis.com,1,1593008041,1593008041,"Migrated from /etc/pihole/whitelist.txt"
400,0,d10lpsik1i8c69.cloudfront.net,1,1593008041,1593008041,"Migrated from /etc/pihole/whitelist.txt"
401,0,buttons-config.sharethis.com,1,1593008041,1593008041,"Migrated from /etc/pihole/whitelist.txt"
402,0,l.sharethis.com,1,1593008041,1593008041,"Migrated from /etc/pihole/whitelist.txt"
403,0,c.sharethis.mgr.consensu.org,1,1593008041,1593008041,"Migrated from /etc/pihole/whitelist.txt"
404,0,d.joinhoney.com,1,1593008041,1593008041,"Migrated from /etc/pihole/whitelist.txt"
405,0,s.joinhoney.com,1,1593008041,1593008041,"Migrated from /etc/pihole/whitelist.txt"
406,0,err.joinhoney.com,1,1593008041,1593008041,"Migrated from /etc/pihole/whitelist.txt"
407,0,honey.io,1,1593008041,1593008041,"Migrated from /etc/pihole/whitelist.txt"
408,0,r20.rs6.net,1,1593008041,1593008041,"Migrated from /etc/pihole/whitelist.txt"
409,0,cdn.mxpnl.com,1,1593008041,1593008041,"Migrated from /etc/pihole/whitelist.txt"
410,0,d2wy8f7a9ursnm.cloudfront.net,1,1593008041,1593008041,"Migrated from /etc/pihole/whitelist.txt"
411,0,telemetry-prd.vn.tesla.services,1,1593008041,1593008041,"Migrated from /etc/pihole/whitelist.txt"
412,0,sourcepoint-mms.history.com,1,1593008041,1593008041,"Migrated from /etc/pihole/whitelist.txt"
413,0,www.history.com,1,1593008041,1593008041,"Migrated from /etc/pihole/whitelist.txt"
414,0,www.openbible.info,1,1593008041,1593008041,"Migrated from /etc/pihole/whitelist.txt"
415,0,smetrics.lowes.com,1,1593008041,1593008041,"Migrated from /etc/pihole/whitelist.txt"
416,0,api.bazaarvoice.com,1,1593008041,1593008041,"Migrated from /etc/pihole/whitelist.txt"
417,0,network.bazaarvoice.com,1,1593008041,1593008041,"Migrated from /etc/pihole/whitelist.txt"
418,3,((^)|(\.))cn$,1,1593008041,1593008041,"Migrated from /etc/pihole/regex.list"
419,3,((^)|(\.))hk$,1,1593008041,1593008041,"Migrated from /etc/pihole/regex.list"
420,3,((^)|(\.))mx$,1,1593008041,1593008041,"Migrated from /etc/pihole/regex.list"
421,3,((^)|(\.))cz$,1,1593008041,1593008041,"Migrated from /etc/pihole/regex.list"
422,3,((^)|(\.))nl$,1,1593008041,1593008041,"Migrated from /etc/pihole/regex.list"
423,3,((^)|(\.))uz$,1,1593008041,1593008041,"Migrated from /etc/pihole/regex.list"
424,3,((^)|(\.))ua$,1,1593008041,1593008041,"Migrated from /etc/pihole/regex.list"
425,3,((^)|(\.))tr$,1,1593008041,1593008041,"Migrated from /etc/pihole/regex.list"
426,3,((^)|(\.))su$,1,1593008041,1593008041,"Migrated from /etc/pihole/regex.list"
427,3,((^)|(\.))sg$,1,1593008041,1593008041,"Migrated from /etc/pihole/regex.list"
428,3,((^)|(\.))sa$,1,1593008041,1593008041,"Migrated from /etc/pihole/regex.list"
429,3,((^)|(\.))pk$,1,1593008041,1593008041,"Migrated from /etc/pihole/regex.list"
430,3,((^)|(\.))adult$,1,1593008041,1593008041,"Migrated from /etc/pihole/regex.list"
431,3,((^)|(\.))porn$,1,1593008041,1593008041,"Migrated from /etc/pihole/regex.list"
432,3,((^)|(\.))sex$,1,1593008041,1593008041,"Migrated from /etc/pihole/regex.list"
433,3,((^)|(\.))sexy$,1,1593008041,1593008041,"Migrated from /etc/pihole/regex.list"
434,3,((^)|(\.))xxx$,1,1593008041,1593008041,"Migrated from /etc/pihole/regex.list"
435,3,((^)|(\.))iq$,1,1593008041,1593008041,"Migrated from /etc/pihole/regex.list"
436,3,((^)|(\.))ir$,1,1593008041,1593008041,"Migrated from /etc/pihole/regex.list"
437,3,((^)|(\.))jp$,1,1593008041,1593008041,"Migrated from /etc/pihole/regex.list"
438,0,cdn2.hubspot.net,1,1593015049,1593015049,""
439,0,aetna.com,1,1594037954,1594037954,""
440,0,gdlp01.c-wss.com,1,1594650845,1594650845,""
441,0,www.slideshare.net,1,1595302152,1595302152,""
442,0,heapanalytics.com,0,1595852250,1595852430,""
443,0,settings.crashlytics.com,0,1595852258,1595852432,""
444,0,firebaselogging-pa.googleapis.com,0,1595852276,1595852434,""
445,0,sdk.split.io,1,1595948146,1595948146,""
446,0,t.paypal.com,1,1595948209,1595948209,""
447,0,fonts.gstatic.com,1,1595948213,1595948213,""
448,0,firebaseremoteconfig.googleapis.com,1,1595987739,1595987739,""
449,0,maps.google.com.mx,1,1595987742,1595987742,""
450,0,mandrillapp.com,1,1600088621,1600088621,""
451,0,analytics-sm.com,1,1603193241,1603193241,"Added from Query Log"
452,0,insight.adsrvr.org,1,1603193536,1603193536,"Added from Query Log"
453,0,cdn.datasteam.io,1,1603193552,1603193552,"Added from Query Log"
454,0,tst.kaptcha.com,1,1603193575,1603193575,"Added from Query Log"
455,0,launches.appsflyer.com,1,1606752517,1606752517,"Added from Query Log"
456,0,api.coinbase.com,1,1606752526,1606752526,"Added from Query Log"
457,0,aikapool.com,1,1619557823,1619557823,""
458,0,stratum.aikapool.com,1,1619559467,1619559467,""
459,0,litecoinpool.org,1,1619560153,1619560153,""
460,0,www.litecoinpool.org,1,1619560183,1619560183,""
461,0,us2.litecoinpool.org,1,1619562133,1619562133,""
462,0,datadoghq.com,1,1619635317,1619635317,"Added from Query Log"
464,0,coinbase.com,1,1619715284,1619715284,"Added from Query Log"
465,2,(\.|^)progressive\.com$,1,1629839920,1629839920,""
466,2,(\.|^)ally\.com$,1,1629840338,1629840338,""
467,2,(\.|^)sentinelone\.net$,1,1629899740,1629899740,""
468,0,gs-loc.apple.com,1,1629899812,1629899812,""
469,2,(\.|^)ipqualityscore\.com$,1,1629900635,1629900635,""
470,2,(\.|^)cisecurity\.org$,1,1629907749,1629907749,
471,0,solidcore.com,1,1629991359,1629991359,
472,0,www.facebook.com,1,1633372142,1633372142,"Added from Query Log"
473,0,analytics.plex.tv,1,1633388707,1633388707,"Added from Query Log"
474,2,(\.|^)lifetouch\.com$,1,1633435185,1633435185,
476,2,(\.|^)loveboyds\.com$,1,1634321283,1634321283,
